"stage","name","playerSpeed","baseFlip","randMin","randMax","firstFlip","warning","mazeCfg","mazeEffective","devilEnabled","devilSpsCfg","devilSpsEffective","spawnDelay","spawnDistCfg","spawnDistEffective","safeZoneCountCfg","safeZoneDurationCfg"
"1","Awakening","1","5","0","0","4","1.2","10","10","false","0","0.2","999","0","2","2","3"
"2","Inversion","1","5","0","0","3","1","11","11","false","0","0.2","999","0","2","2","2.5"
"3","Control","1.05","5","0.1","0.2","3","0.9","12","12","false","0","0.2","999","0","2","2","2"
"4","Distortion","1.05","4.5","0.2","0.3","2.5","0.8","13","13","false","0","0.2","999","0","2","2","2"
"5","First Contact","1.08","4","0.2","0.3","2.5","0.8","14","14","true","0.75","0.75","5","7","7","2","1.5"
"6","Pursuit","1.08","4","0.25","0.25","2.5","0.8","15","15","true","0.85","0.85","3","6","6","2","1.2"
"7","Decisions","1.1","3.8","0.3","0.3","2.5","0.7","16","16","true","0.95","0.95","3","5","5","2","1"
"8","Acceleration","1.12","3.5","0.35","0.35","2.2","0.7","17","17","true","1.05","1.05","2.5","4","4","2","0.8"
"9","Instability","1.12","3.5","0.4","0.4","2.2","0.6","18","17","true","1.15","1.15","2.5","4","4","2","0.7"
"10","Trial","1.15","3.25","0.45","0.45","2","0.6","19","17","true","1.3","1.3","2","3","3","2","0.5"
"11","Disturbance","1.15","3.25","0.45","0.45","2","0.6","19","17","true","1.35","1.35","2","3","3","2","0.5"
"12","Split Mind","1.16","3.2","0.5","0.5","2","0.6","20","17","true","1.4","1.4","2","3","3","2","0.4"
"13","Deception","1.17","3.05","0.5","0.5","1.8","0.5","20","17","true","1.5","1.5","1.8","3","3","2","0"
"14","Instability","1.18","2.95","0.55","0.55","1.8","0.5","21","17","true","1.6","1.6","1.8","2","2","2","0"
"15","Instability Peak","1.2","2.8","0.55","0.55","1.5","0.5","21","17","true","1.68","1.68","1.5","2","2","2","0"
"16","Stabilization","1.18","3.25","0.4","0.4","2.2","0.6","20","17","true","1.5","1.5","3","5","5","2","1.5"
"17","Re-engage","1.2","3","0.45","0.45","2","0.6","21","17","true","1.58","1.58","2.5","4","4","2","1"
"18","Disruption","1.22","2.85","0.5","0.5","2","0.5","21","17","true","1.65","1.65","2.2","3","3","2","0"
"19","Compression","1.22","2.65","0.55","0.55","1.9","0.5","22","17","true","1.72","1.72","2","3","3","2","0"
"20","Chaos Entry","1.25","2.55","0.6","0.6","1.8","0.5","22","17","true","1.8","1.8","1.8","2","2","2","0"
"21","Overload Begins","1.25","2.45","0.6","0.6","1.8","0.5","22","17","true","1.86","1.86","1.8","2","2","2","0"
"22","Instability Surge","1.27","2.35","0.65","0.65","1.6","0.45","22","17","true","1.93","1.93","1.6","2","2","2","0"
"23","Mental Break","1.28","2.25","0.7","0.7","1.5","0.45","22","17","true","2","2","1.5","2","2","2","0"
"24","Final Stretch","1.3","2.15","0.75","0.75","1.5","0.4","22","17","true","2.08","2.08","1.5","1","2","2","0"
"25","Checkpoint Break","1.28","2.75","0.5","0.5","3","0.6","20","17","true","1.6","1.6","3","5","5","2","1.5"
"26","False Security","1.3","2.55","0.5","0.5","2.4","0.55","22","17","true","2.15","2.15","2.4","2","2","2","0"
"27","Tracking Shift","1.32","2.45","0.55","0.55","2.2","0.52","22","17","true","2.22","2.22","2.2","2","2","2","0"
"28","Shifted Reality","1.34","2.35","0.58","0.58","2","0.5","23","17","true","2.3","2.3","2","2","2","2","0"
"29","Pressure Loop","1.35","2.25","0.6","0.6","1.9","0.48","23","17","true","2.36","2.36","1.9","1","2","2","0"
"30","Collapse Entry","1.36","2.15","0.6","0.6","1.8","0.45","23","17","true","2.42","2.42","1.8","1","2","2","0"
"31","Unstable Flow","1.36","2.15","0.6","0.6","1.8","0.45","23","17","true","2.46","2.46","1.8","1","2","2","0"
"32","Cut-Off","1.38","2.05","0.6","0.6","1.7","0.45","24","17","true","2.52","2.52","1.7","1","2","2","0"
"33","Dual Pressure","1.39","2.05","0.6","0.6","1.7","0.45","24","17","true","2.58","2.58","1.7","1","2","2","0"
"34","Distorted Reality","1.4","1.95","0.6","0.6","1.6","0.45","24","17","true","2.64","2.64","1.6","1","2","2","0"
"35","Breaking Point","1.41","1.95","0.6","0.6","1.6","0.45","24","17","true","2.68","2.68","1.6","1","2","2","0"
"36","Pressure Continuum","1.42","1.9","0.6","0.6","1.6","0.45","24","17","true","2.72","2.72","1.6","1","2","2","0"
"37","Prediction Lock","1.43","1.9","0.6","0.6","1.6","0.45","24","17","true","2.76","2.76","1.6","1","2","2","0"
"38","Distortion Stack","1.44","1.85","0.6","0.6","1.5","0.45","25","17","true","2.8","2.8","1.5","1","2","2","0"
"39","False Reality","1.45","1.8","0.6","0.6","1.5","0.45","25","17","true","2.84","2.84","1.5","1","2","2","0"
"40","Control Break","1.46","1.8","0.6","0.6","1.5","0.45","25","17","true","2.88","2.88","1.5","1","2","2","0"
"41","Pressure Reloaded","1.47","1.8","0.6","0.6","1.5","0.45","25","17","true","2.92","2.92","1.5","1","2","2","0"
"42","Hunted","1.48","1.75","0.6","0.6","1.4","0.45","25","17","true","2.96","2.96","1.4","1","2","2","0"
"43","Distortion Core","1.49","1.75","0.6","0.6","1.4","0.45","26","17","true","3","3","1.4","1","2","2","0"
"44","False Signals","1.5","1.7","0.6","0.6","1.4","0.45","26","17","true","3.04","3","1.4","1","2","2","0"
"45","Dual Threat","1.5","1.7","0.6","0.6","1.4","0.45","26","17","true","3.08","3","1.4","1","2","2","0"
"46","Collapse Flow","1.5","1.7","0.6","0.6","1.4","0.45","26","17","true","3.1","3","1.4","1","2","2","0"
"47","No Escape","1.5","1.7","0.6","0.6","1.4","0.45","26","17","true","3.12","3","1.4","1","2","2","0"
"48","Final Chaos","1.5","1.7","0.6","0.6","1.4","0.45","26","17","true","3.14","3","1.4","1","2","2","0"
"49","Last Attempt","1.5","1.7","0.6","0.6","1.4","0.45","26","17","true","3.16","3","1.4","1","2","2","0"
"50","Checkpoint Break","1.45","2.5","0.5","0.5","2.6","0.6","24","17","true","2.4","2.4","2.6","4","4","2","1.6"
"51","False Calm","1.45","1.95","0.6","0.6","1.6","0.4","24","17","true","2.7","2.7","1.6","3","3","2","0"
"52","Rebuild Threat","1.46","1.85","0.62","0.62","1.5","0.4","25","17","true","2.76","2.76","1.5","2","2","2","0"
"53","Route Control","1.47","1.85","0.65","0.65","1.5","0.4","25","17","true","2.82","2.82","1.5","2","2","2","0"
"54","Perception Break","1.48","1.75","0.67","0.67","1.4","0.4","25","17","true","2.88","2.88","1.4","2","2","2","0"
"55","Master Entry","1.48","1.75","0.68","0.68","1.4","0.4","25","17","true","2.94","2.94","1.4","2","2","2","0"
"56","Controlled Chaos","1.49","1.75","0.68","0.68","1.4","0.4","25","17","true","2.98","2.98","1.4","2","2","2","0"
"57","Trap Routes","1.49","1.75","0.7","0.7","1.35","0.4","25","17","true","3.02","3","1.35","2","2","2","0"
"58","Mind Loop","1.5","1.75","0.7","0.7","1.35","0.4","26","17","true","3.06","3","1.35","2","2","2","0"
"59","Precision Lock","1.5","1.65","0.72","0.72","1.3","0.4","26","17","true","3.1","3","1.3","1","2","2","0"
"60","Master Pressure","1.5","1.65","0.72","0.72","1.3","0.4","26","17","true","3.14","3","1.3","1","2","2","0"
"61","Endurance Start","1.5","1.65","0.72","0.72","1.3","0.4","26","17","true","3.16","3","1.3","1","2","2","0"
"62","Pattern Break","1.51","1.65","0.73","0.73","1.3","0.4","26","17","true","3.2","3","1.3","1","2","2","0"
"63","Mental Load","1.51","1.65","0.74","0.74","1.3","0.4","26","17","true","3.24","3","1.3","1","2","2","0"
"64","Fatigue Zone","1.52","1.6","0.74","0.74","1.25","0.4","27","17","true","3.28","3","1.25","1","2","2","0"
"65","Consistency Test","1.52","1.6","0.75","0.75","1.25","0.4","27","17","true","3.32","3","1.25","1","2","2","0"
"66","Pressure Sustain","1.52","1.6","0.75","0.75","1.2","0.4","27","17","true","3.34","3","1.2","1","2","2","0"
"67","Trap Memory","1.52","1.6","0.75","0.75","1.2","0.4","27","17","true","3.36","3","1.2","1","2","2","0"
"68","Dual Panic","1.52","1.6","0.75","0.75","1.2","0.4","27","17","true","3.38","3","1.2","1","2","2","0"
"69","Near Collapse","1.52","1.6","0.75","0.75","1.2","0.4","27","17","true","3.4","3","1.2","1","2","2","0"
"70","Pre-Breakpoint","1.52","1.6","0.75","0.75","1.2","0.4","27","17","true","3.42","3","1.2","1","2","2","0"
"71","Checkpoint Grind I","1.52","1.7","0.72","0.72","1.3","0.4","27","17","true","3.3","3","1.3","1","2","2","0"
"72","Checkpoint Grind II","1.52","1.7","0.72","0.72","1.3","0.4","27","17","true","3.32","3","1.3","1","2","2","0"
"73","Checkpoint Grind III","1.52","1.7","0.73","0.73","1.3","0.4","27","17","true","3.34","3","1.3","1","2","2","0"
"74","Checkpoint Grind IV","1.52","1.7","0.74","0.74","1.3","0.4","27","17","true","3.36","3","1.3","1","2","2","0"
"75","Checkpoint Break","1.5","2.35","0.55","0.55","2.4","0.5","25","17","true","2.55","2.55","2.4","4","4","2","1.8"
"76","Extreme Skill I","1.5","1.75","0.7","0.7","1.3","0.4","27","17","true","3.2","3","1.3","1","2","2","0"
"77","Extreme Skill II","1.5","1.75","0.72","0.72","1.3","0.4","27","17","true","3.24","3","1.3","1","2","2","0"
"78","Pattern Hunt","1.5","1.65","0.74","0.74","1.25","0.4","27","17","true","3.28","3","1.25","1","2","2","0"
"79","Route Pressure","1.5","1.65","0.75","0.75","1.25","0.4","28","17","true","3.32","3","1.25","1","2","2","0"
"80","End Of Certainty","1.5","1.65","0.76","0.76","1.25","0.4","28","17","true","3.36","3","1.25","1","2","2","0"
"81","Mental Pressure I","1.5","1.65","0.76","0.76","1.25","0.4","28","17","true","3.38","3","1.25","1","2","2","0"
"82","Mental Pressure II","1.5","1.65","0.77","0.77","1.25","0.4","28","17","true","3.4","3","1.25","1","2","2","0"
"83","Loop Trap","1.5","1.55","0.78","0.78","1.2","0.4","28","17","true","3.42","3","1.2","1","2","2","0"
"84","Do Not Panic","1.5","1.55","0.78","0.78","1.2","0.4","28","17","true","3.44","3","1.2","1","2","2","0"
"85","Mental Wall","1.5","1.55","0.79","0.79","1.2","0.4","28","17","true","3.46","3","1.2","1","2","2","0"
"86","Precision Hell I","1.5","1.55","0.79","0.79","1.2","0.4","28","17","true","3.48","3","1.2","1","2","2","0"
"87","Precision Hell II","1.5","1.55","0.79","0.79","1.2","0.4","28","17","true","3.49","3","1.2","1","2","2","0"
"88","Accuracy Tax","1.5","1.5","0.8","0.8","1.15","0.4","28","17","true","3.5","3","1.15","1","2","2","0"
"89","Needle Run","1.5","1.45","0.8","0.8","1.1","0.4","28","17","true","3.51","3","1.1","1","2","2","0"
"90","Precision Crown","1.5","1.45","0.8","0.8","1.1","0.4","28","17","true","3.52","3","1.1","1","2","2","0"
"91","Mind Break I","1.5","1.45","0.8","0.8","1.1","0.4","28","17","true","3.53","3","1.1","1","2","2","0"
"92","Mind Break II","1.5","1.45","0.8","0.8","1.1","0.4","28","17","true","3.54","3","1.1","1","2","2","0"
"93","Instinct Route","1.5","1.45","0.8","0.8","1.1","0.4","28","17","true","3.55","3","1.1","1","2","2","0"
"94","Blind Discipline","1.5","1.45","0.8","0.8","1.1","0.4","28","17","true","3.56","3","1.1","1","2","2","0"
"95","Nerve Lock","1.5","1.45","0.8","0.8","1.1","0.4","28","17","true","3.57","3","1.1","1","2","2","0"
"96","Final Trial I","1.5","1.45","0.8","0.8","1.1","0.4","28","17","true","3.58","3","1.1","1","2","2","0"
"97","Final Trial II","1.5","1.45","0.8","0.8","1.1","0.4","28","17","true","3.59","3","1.1","1","2","2","0"
"98","Final Trial III","1.5","1.45","0.8","0.8","1.1","0.4","28","17","true","3.6","3","1.1","1","2","2","0"
"99","Final Trial IV","1.5","1.45","0.8","0.8","1.1","0.4","28","17","true","3.61","3","1.1","1","2","2","0"
"100","THE BREAKER","1.5","1.6","0.7","0.8","1.8","0.4","29","17","true","3.62","3","1","1","2","2","0"
